{"train/lr":4.999999987376214e-07,"train/loss_mean":1.844937451183796,"train/global_step":468,"_wandb":{"runtime":1495},"_timestamp":1.7458155605307934e+09,"_runtime":1493.50388447,"_step":467,"train/gpt_loss":1.834384799003601}