{"_timestamp":1.7458131910783305e+09,"_runtime":19.250636076,"_step":6,"train/gpt_loss":2.144658327102661,"train/lr":2.3333334411290707e-06,"train/loss_mean":2.166752576828003,"train/global_step":7,"_wandb":{"runtime":19}}