{"train/loss_mean":0.21082010306417942,"train/global_step":46,"_timestamp":1.7409065761854753e+09,"_runtime":371.628934384,"_step":45,"_wandb":{"runtime":378},"train/gpt_loss":0.12791667878627777,"train/lr":9.999999974752427e-07}