{"train/loss_mean":1.110702060163021,"_wandb":{"runtime":825},"_runtime":824.50523848,"eval/eval gpt_loss":1.051587700843811,"eval/global_step":190,"train/lr":1.9999999949504854e-06,"_step":213,"train/global_step":195,"_timestamp":1.7409529527724712e+09,"train/gpt_loss":1.2814635038375854}